delta;Error
0.0;0.0002302290117262203
0.01;0.00039558618678641236
0.02;0.0008580440074774661
0.03;0.002120129905956028
0.04;0.0029191948877419858
0.05;0.017521546710843928
0.06;0.01267024773429574
0.07;0.05440534114720963
0.08;0.06403886258046898
0.09;0.6464650103732799
0.1;0.686934825304042